ts,inverter_id,panel_id,GHI,P_DC_kW,rated_kw,status,AmbientTemp_C,P_AC_kW,Energy_increment_kWh,Total_energy_kWh,transformer_loss_kw,transformer_eff,battery_soc,battery_voltage,battery_temp_c,battery_power_kw
2026-01-05T15:25:39,INV-01,"PV-01,PV-02",596.2,56.836,100.0,Running,29.95,53.573,0.074407,4.106144,,,,,,
2026-01-05T15:25:39,INV-02,"PV-03,PV-04",596.2,55.347,100.0,Running,29.81,51.239,0.071165,4.131035,,,,,,
2026-01-05T15:25:39,INV-03,"PV-05,PV-06",596.2,58.184,100.0,Running,31.28,55.637,0.077274,4.114152,,,,,,
2026-01-05T15:25:39,INV-04,"PV-07,PV-08",596.2,60.985,100.0,Running,24.69,56.503,0.078477,4.180562,,,,,,
2026-01-05T15:25:39,INV-05,"PV-09,PV-10",596.2,59.418,100.0,Running,27.79,53.738,0.074637,4.178498,,,,,,
2026-01-05T15:25:39,PLANT_SUMMARY,,596.2,290.77,500.0,Running,27.79,270.69,0.375959,20.710391,7.221,0.9733,49.86,564.76,25.01,0.0
2026-01-05T15:25:44,INV-01,"PV-01,PV-02",548.63,53.996,100.0,Running,29.07,50.839,0.070609,4.176753,,,,,,
2026-01-05T15:25:44,INV-02,"PV-03,PV-04",548.63,54.073,100.0,Running,25.32,52.132,0.072406,4.20344,,,,,,
2026-01-05T15:25:44,INV-03,"PV-05,PV-06",548.63,53.935,100.0,Running,29.96,49.188,0.068317,4.182469,,,,,,
2026-01-05T15:25:44,INV-04,"PV-07,PV-08",548.63,50.2,100.0,Running,25.73,47.325,0.065729,4.246291,,,,,,
2026-01-05T15:25:44,INV-05,"PV-09,PV-10",548.63,54.577,100.0,Running,28.25,50.848,0.070622,4.24912,,,,,,
2026-01-05T15:25:44,PLANT_SUMMARY,,548.63,266.781,500.0,Running,28.25,250.331,0.347682,21.058074,7.044,0.9719,49.86,564.76,25.03,0.0
2026-01-05T15:25:49,INV-01,"PV-01,PV-02",547.58,51.977,100.0,Running,28.1,47.373,0.065796,4.24255,,,,,,
2026-01-05T15:25:49,INV-02,"PV-03,PV-04",547.58,54.163,100.0,Running,27.67,51.278,0.071219,4.27466,,,,,,
2026-01-05T15:25:49,INV-03,"PV-05,PV-06",547.58,54.302,100.0,Running,26.04,50.496,0.070133,4.252602,,,,,,
2026-01-05T15:25:49,INV-04,"PV-07,PV-08",547.58,51.372,100.0,Running,29.55,50.602,0.070281,4.316572,,,,,,
2026-01-05T15:25:49,INV-05,"PV-09,PV-10",547.58,53.159,100.0,Running,28.37,50.548,0.070205,4.319325,,,,,,
2026-01-05T15:25:49,PLANT_SUMMARY,,547.58,264.973,500.0,Running,28.37,250.297,0.347635,21.405708,7.044,0.9719,49.86,564.76,25.06,0.0
2026-01-05T15:25:54,INV-01,"PV-01,PV-02",629.71,59.073,100.0,Running,27.63,54.773,0.076074,4.318624,,,,,,
2026-01-05T15:25:54,INV-02,"PV-03,PV-04",629.71,61.074,100.0,Running,27.39,56.683,0.078727,4.353387,,,,,,
2026-01-05T15:25:54,INV-03,"PV-05,PV-06",629.71,66.472,100.0,Running,25.91,64.457,0.089524,4.342126,,,,,,
2026-01-05T15:25:54,INV-04,"PV-07,PV-08",629.71,59.514,100.0,Running,25.97,56.701,0.078751,4.395323,,,,,,
2026-01-05T15:25:54,INV-05,"PV-09,PV-10",629.71,63.564,100.0,Running,27.01,59.447,0.082565,4.40189,,,,,,
2026-01-05T15:25:54,PLANT_SUMMARY,,629.71,309.697,500.0,Running,27.01,292.061,0.405641,21.811349,7.422,0.9746,49.86,564.76,25.07,0.0
2026-01-05T15:25:59,INV-01,"PV-01,PV-02",594.94,61.888,100.0,Running,31.26,58.625,0.081424,4.400048,,,,,,
2026-01-05T15:25:59,INV-02,"PV-03,PV-04",594.94,57.766,100.0,Running,29.04,53.772,0.074684,4.428071,,,,,,
2026-01-05T15:25:59,INV-03,"PV-05,PV-06",594.94,59.164,100.0,Running,28.48,54.436,0.075605,4.417731,,,,,,
2026-01-05T15:25:59,INV-04,"PV-07,PV-08",594.94,56.728,100.0,Running,29.18,52.514,0.072936,4.468259,,,,,,
2026-01-05T15:25:59,INV-05,"PV-09,PV-10",594.94,58.603,100.0,Running,26.84,54.793,0.076102,4.477991,,,,,,
2026-01-05T15:25:59,PLANT_SUMMARY,,594.94,294.149,500.0,Running,26.84,274.14,0.38075,22.192099,7.253,0.9735,49.86,564.76,25.08,0.0
2026-01-05T15:26:04,INV-01,"PV-01,PV-02",584.69,55.08,100.0,Running,30.33,49.928,0.069344,4.469392,,,,,,
2026-01-05T15:26:04,INV-02,"PV-03,PV-04",584.69,57.762,100.0,Running,26.96,55.805,0.077507,4.505577,,,,,,
2026-01-05T15:26:04,INV-03,"PV-05,PV-06",584.69,58.192,100.0,Running,32.65,52.682,0.07317,4.490901,,,,,,
2026-01-05T15:26:04,INV-04,"PV-07,PV-08",584.69,57.617,100.0,Running,28.66,54.125,0.075174,4.543433,,,,,,
2026-01-05T15:26:04,INV-05,"PV-09,PV-10",584.69,58.59,100.0,Running,30.11,54.175,0.075243,4.553235,,,,,,
2026-01-05T15:26:04,PLANT_SUMMARY,,584.69,287.241,500.0,Running,30.11,266.715,0.370438,22.562537,7.186,0.9731,49.86,564.76,25.08,0.0
2026-01-05T15:26:09,INV-01,"PV-01,PV-02",468.85,47.142,100.0,Running,30.7,43.467,0.06037,4.529762,,,,,,
2026-01-05T15:26:09,INV-02,"PV-03,PV-04",468.85,44.537,100.0,Running,24.43,43.418,0.060303,4.56588,,,,,,
2026-01-05T15:26:09,INV-03,"PV-05,PV-06",468.85,47.249,100.0,Running,28.28,44.275,0.061494,4.552394,,,,,,
2026-01-05T15:26:09,INV-04,"PV-07,PV-08",468.85,45.38,100.0,Running,28.22,41.849,0.058123,4.601556,,,,,,
2026-01-05T15:26:09,INV-05,"PV-09,PV-10",468.85,44.715,100.0,Running,26.54,42.396,0.058884,4.612118,,,,,,
2026-01-05T15:26:09,PLANT_SUMMARY,,468.85,229.023,500.0,Running,26.54,250.0,0.347222,22.861711,7.042,0.9718,49.83,564.72,25.04,-34.595
2026-01-05T15:26:14,INV-01,"PV-01,PV-02",569.66,58.28,100.0,Running,29.14,54.762,0.076058,4.60582,,,,,,
2026-01-05T15:26:14,INV-02,"PV-03,PV-04",569.66,54.775,100.0,Running,28.77,51.108,0.070984,4.636864,,,,,,
2026-01-05T15:26:14,INV-03,"PV-05,PV-06",569.66,57.142,100.0,Running,25.52,54.332,0.075462,4.627856,,,,,,
2026-01-05T15:26:14,INV-04,"PV-07,PV-08",569.66,55.151,100.0,Running,29.67,50.835,0.070604,4.672161,,,,,,
2026-01-05T15:26:14,INV-05,"PV-09,PV-10",569.66,55.206,100.0,Running,27.29,51.723,0.071837,4.683955,,,,,,
2026-01-05T15:26:14,PLANT_SUMMARY,,569.66,280.554,500.0,Running,27.29,262.76,0.364945,23.226656,7.151,0.9728,49.83,564.72,25.04,0.0
2026-01-05T15:26:19,INV-01,"PV-01,PV-02",574.24,57.83,100.0,Running,27.43,54.057,0.075079,4.680899,,,,,,
2026-01-05T15:26:19,INV-02,"PV-03,PV-04",574.24,56.448,100.0,Running,24.26,54.505,0.075702,4.712566,,,,,,
2026-01-05T15:26:19,INV-03,"PV-05,PV-06",574.24,56.588,100.0,Running,29.37,54.721,0.076001,4.703857,,,,,,
2026-01-05T15:26:19,INV-04,"PV-07,PV-08",574.24,58.808,100.0,Running,28.94,54.236,0.075327,4.747488,,,,,,
2026-01-05T15:26:19,INV-05,"PV-09,PV-10",574.24,55.617,100.0,Running,27.61,53.563,0.074394,4.758349,,,,,,
2026-01-05T15:26:19,PLANT_SUMMARY,,574.24,285.291,500.0,Running,27.61,271.082,0.376503,23.603159,7.225,0.9733,49.83,564.72,25.04,0.0
2026-01-05T15:26:24,INV-01,"PV-01,PV-02",609.02,61.262,100.0,Running,25.24,59.638,0.08283,4.76373,,,,,,
2026-01-05T15:26:24,INV-02,"PV-03,PV-04",609.02,60.753,100.0,Running,30.97,56.427,0.07837,4.790936,,,,,,
2026-01-05T15:26:24,INV-03,"PV-05,PV-06",609.02,60.642,100.0,Running,24.27,57.299,0.079582,4.783439,,,,,,
2026-01-05T15:26:24,INV-04,"PV-07,PV-08",609.02,60.334,100.0,Running,22.66,57.466,0.079814,4.827302,,,,,,
2026-01-05T15:26:24,INV-05,"PV-09,PV-10",609.02,62.528,100.0,Running,28.57,61.377,0.085245,4.843594,,,,,,
2026-01-05T15:26:24,PLANT_SUMMARY,,609.02,305.519,500.0,Running,28.57,292.206,0.405841,24.009,7.423,0.9746,49.83,564.72,25.05,0.0
2026-01-05T15:26:29,INV-01,"PV-01,PV-02",506.13,48.944,100.0,Running,26.85,45.422,0.063086,4.826815,,,,,,
2026-01-05T15:26:29,INV-02,"PV-03,PV-04",506.13,48.465,100.0,Running,28.43,48.021,0.066695,4.857631,,,,,,
2026-01-05T15:26:29,INV-03,"PV-05,PV-06",506.13,48.093,100.0,Running,27.15,45.936,0.063799,4.847238,,,,,,
2026-01-05T15:26:29,INV-04,"PV-07,PV-08",506.13,48.847,100.0,Running,25.7,46.537,0.064635,4.891936,,,,,,
2026-01-05T15:26:29,INV-05,"PV-09,PV-10",506.13,48.209,100.0,Running,29.62,44.972,0.062461,4.906055,,,,,,
2026-01-05T15:26:29,PLANT_SUMMARY,,506.13,242.558,500.0,Running,29.62,250.0,0.347222,24.329676,7.042,0.9718,49.82,564.69,25.05,-19.113
2026-01-05T15:26:34,INV-01,"PV-01,PV-02",508.32,48.772,100.0,Running,28.16,44.947,0.062426,4.889241,,,,,,
2026-01-05T15:26:34,INV-02,"PV-03,PV-04",508.32,50.416,100.0,Running,23.05,47.682,0.066225,4.923857,,,,,,
2026-01-05T15:26:34,INV-03,"PV-05,PV-06",508.32,52.309,100.0,Running,25.5,50.129,0.069624,4.916863,,,,,,
2026-01-05T15:26:34,INV-04,"PV-07,PV-08",508.32,49.411,100.0,Running,27.13,45.471,0.063155,4.955091,,,,,,
2026-01-05T15:26:34,INV-05,"PV-09,PV-10",508.32,48.471,100.0,Running,30.29,45.269,0.062873,4.968929,,,,,,
2026-01-05T15:26:34,PLANT_SUMMARY,,508.32,249.379,500.0,Running,30.29,250.0,0.347222,24.653981,7.042,0.9718,49.81,564.68,25.05,-16.501
2026-01-05T15:26:39,INV-01,"PV-01,PV-02",544.62,52.246,100.0,Running,30.0,47.754,0.066325,4.955566,,,,,,
2026-01-05T15:26:39,INV-02,"PV-03,PV-04",544.62,53.11,100.0,Running,28.41,50.652,0.07035,4.994207,,,,,,
2026-01-05T15:26:39,INV-03,"PV-05,PV-06",544.62,51.183,100.0,Running,25.08,49.548,0.068817,4.98568,,,,,,
2026-01-05T15:26:39,INV-04,"PV-07,PV-08",544.62,52.876,100.0,Running,26.94,51.347,0.071315,5.026406,,,,,,
2026-01-05T15:26:39,INV-05,"PV-09,PV-10",544.62,52.427,100.0,Running,28.05,49.468,0.068706,5.037634,,,,,,
2026-01-05T15:26:39,PLANT_SUMMARY,,544.62,261.842,500.0,Running,28.05,250.0,0.347222,24.999493,7.042,0.9718,49.81,564.67,25.06,-1.231
2026-01-05T15:26:44,INV-01,"PV-01,PV-02",497.66,51.515,100.0,Running,27.15,47.076,0.065383,5.020949,,,,,,
2026-01-05T15:26:44,INV-02,"PV-03,PV-04",497.66,48.564,100.0,Running,29.9,43.629,0.060596,5.054803,,,,,,
2026-01-05T15:26:44,INV-03,"PV-05,PV-06",497.66,49.993,100.0,Running,25.86,45.707,0.063482,5.049162,,,,,,
2026-01-05T15:26:44,INV-04,"PV-07,PV-08",497.66,46.602,100.0,Running,30.02,43.36,0.060222,5.086628,,,,,,
2026-01-05T15:26:44,INV-05,"PV-09,PV-10",497.66,48.392,100.0,Running,28.03,45.371,0.063016,5.10065,,,,,,
2026-01-05T15:26:44,PLANT_SUMMARY,,497.66,245.066,500.0,Running,28.03,250.0,0.347222,25.312191,7.042,0.9718,49.79,564.65,25.02,-24.857
2026-01-05T15:26:49,INV-01,"PV-01,PV-02",580.8,56.284,100.0,Running,29.82,52.848,0.0734,5.094349,,,,,,
2026-01-05T15:26:49,INV-02,"PV-03,PV-04",580.8,56.385,100.0,Running,24.39,51.89,0.072069,5.126872,,,,,,
2026-01-05T15:26:49,INV-03,"PV-05,PV-06",580.8,58.474,100.0,Running,25.08,55.699,0.07736,5.126522,,,,,,
2026-01-05T15:26:49,INV-04,"PV-07,PV-08",580.8,57.227,100.0,Running,30.62,53.425,0.074201,5.160829,,,,,,
2026-01-05T15:26:49,INV-05,"PV-09,PV-10",580.8,57.34,100.0,Running,23.87,53.851,0.074793,5.175442,,,,,,
2026-01-05T15:26:49,PLANT_SUMMARY,,580.8,285.71,500.0,Running,23.87,267.712,0.371822,25.684013,7.194,0.9731,49.79,564.65,25.0,0.0
2026-01-05T15:26:54,INV-01,"PV-01,PV-02",529.18,53.399,100.0,Running,29.72,49.301,0.068474,5.162822,,,,,,
2026-01-05T15:26:54,INV-02,"PV-03,PV-04",529.18,49.746,100.0,Running,24.92,49.89,0.069291,5.196163,,,,,,
2026-01-05T15:26:54,INV-03,"PV-05,PV-06",529.18,50.469,100.0,Running,24.46,48.214,0.066964,5.193486,,,,,,
2026-01-05T15:26:54,INV-04,"PV-07,PV-08",529.18,54.638,100.0,Running,31.01,50.987,0.070815,5.231644,,,,,,
2026-01-05T15:26:54,INV-05,"PV-09,PV-10",529.18,54.887,100.0,Running,26.69,51.065,0.070924,5.246366,,,,,,
2026-01-05T15:26:54,PLANT_SUMMARY,,529.18,263.139,500.0,Running,26.69,250.0,0.347222,26.030481,7.042,0.9718,49.79,564.64,24.98,-0.543
2026-01-05T15:26:59,INV-01,"PV-01,PV-02",573.76,57.462,100.0,Running,29.58,53.84,0.074778,5.2376,,,,,,
2026-01-05T15:26:59,INV-02,"PV-03,PV-04",573.76,55.642,100.0,Running,29.86,51.465,0.071479,5.267642,,,,,,
2026-01-05T15:26:59,INV-03,"PV-05,PV-06",573.76,54.439,100.0,Running,28.58,51.072,0.070934,5.264419,,,,,,
2026-01-05T15:26:59,INV-04,"PV-07,PV-08",573.76,57.123,100.0,Running,29.8,52.995,0.073605,5.305249,,,,,,
2026-01-05T15:26:59,INV-05,"PV-09,PV-10",573.76,57.379,100.0,Running,28.66,50.388,0.069983,5.316349,,,,,,
2026-01-05T15:26:59,PLANT_SUMMARY,,573.76,282.045,500.0,Running,28.66,259.761,0.360779,26.39126,7.125,0.9726,49.79,564.64,24.99,0.0
2026-01-05T15:27:04,INV-01,"PV-01,PV-02",567.26,56.375,100.0,Running,28.86,53.197,0.073885,5.311485,,,,,,
2026-01-05T15:27:04,INV-02,"PV-03,PV-04",567.26,56.043,100.0,Running,26.24,54.302,0.07542,5.343062,,,,,,
2026-01-05T15:27:04,INV-03,"PV-05,PV-06",567.26,53.973,100.0,Running,28.85,49.67,0.068987,5.333406,,,,,,
2026-01-05T15:27:04,INV-04,"PV-07,PV-08",567.26,54.208,100.0,Running,27.85,50.735,0.070466,5.375715,,,,,,
2026-01-05T15:27:04,INV-05,"PV-09,PV-10",567.26,57.147,100.0,Running,25.94,53.868,0.074817,5.391166,,,,,,
2026-01-05T15:27:04,PLANT_SUMMARY,,567.26,277.746,500.0,Running,25.94,261.773,0.363574,26.754834,7.142,0.9727,49.79,564.64,25.03,0.0
2026-01-05T15:27:09,INV-01,"PV-01,PV-02",491.11,47.328,100.0,Running,26.9,42.738,0.059358,5.370843,,,,,,
2026-01-05T15:27:09,INV-02,"PV-03,PV-04",491.11,49.697,100.0,Running,27.59,46.746,0.064926,5.407988,,,,,,
2026-01-05T15:27:09,INV-03,"PV-05,PV-06",491.11,45.8,100.0,Running,30.15,41.439,0.057555,5.390961,,,,,,
2026-01-05T15:27:09,INV-04,"PV-07,PV-08",491.11,46.45,100.0,Running,27.45,44.619,0.061971,5.437686,,,,,,
2026-01-05T15:27:09,INV-05,"PV-09,PV-10",491.11,48.753,100.0,Running,31.03,46.377,0.064413,5.455579,,,,,,
2026-01-05T15:27:09,PLANT_SUMMARY,,491.11,238.028,500.0,Running,31.03,250.0,0.347222,27.063056,7.042,0.9718,49.77,564.61,25.02,-28.08
2026-01-05T15:27:14,INV-01,"PV-01,PV-02",603.11,60.065,100.0,Running,25.53,56.189,0.078041,5.448883,,,,,,
2026-01-05T15:27:14,INV-02,"PV-03,PV-04",603.11,59.362,100.0,Running,27.46,55.454,0.077019,5.485006,,,,,,
2026-01-05T15:27:14,INV-03,"PV-05,PV-06",603.11,58.292,100.0,Running,27.74,53.781,0.074695,5.465656,,,,,,
2026-01-05T15:27:14,INV-04,"PV-07,PV-08",603.11,57.967,100.0,Running,29.68,52.507,0.072926,5.510612,,,,,,
2026-01-05T15:27:14,INV-05,"PV-09,PV-10",603.11,59.475,100.0,Running,25.79,57.541,0.079918,5.535497,,,,,,
2026-01-05T15:27:14,PLANT_SUMMARY,,603.11,295.161,500.0,Running,25.79,275.471,0.382598,27.445654,7.265,0.9736,49.77,564.61,25.0,0.0
2026-01-05T15:27:19,INV-01,"PV-01,PV-02",586.04,57.769,100.0,Running,27.61,54.534,0.075742,5.524625,,,,,,
2026-01-05T15:27:19,INV-02,"PV-03,PV-04",586.04,57.06,100.0,Running,27.84,53.271,0.073987,5.558994,,,,,,
2026-01-05T15:27:19,INV-03,"PV-05,PV-06",586.04,54.417,100.0,Running,27.15,50.766,0.070508,5.536164,,,,,,
2026-01-05T15:27:19,INV-04,"PV-07,PV-08",586.04,60.186,100.0,Running,21.76,57.197,0.07944,5.590052,,,,,,
2026-01-05T15:27:19,INV-05,"PV-09,PV-10",586.04,60.013,100.0,Running,26.33,55.252,0.076739,5.612236,,,,,,
2026-01-05T15:27:19,PLANT_SUMMARY,,586.04,289.445,500.0,Running,26.33,271.02,0.376416,27.82207,7.224,0.9733,49.77,564.61,24.99,0.0
2026-01-05T15:27:24,INV-01,"PV-01,PV-02",537.36,52.781,100.0,Running,29.05,50.446,0.070064,5.594689,,,,,,
2026-01-05T15:27:24,INV-02,"PV-03,PV-04",537.36,54.629,100.0,Running,24.69,50.914,0.070713,5.629707,,,,,,
2026-01-05T15:27:24,INV-03,"PV-05,PV-06",537.36,54.097,100.0,Running,28.71,49.694,0.069019,5.605184,,,,,,
2026-01-05T15:27:24,INV-04,"PV-07,PV-08",537.36,53.586,100.0,Running,24.6,50.951,0.070765,5.660817,,,,,,
2026-01-05T15:27:24,INV-05,"PV-09,PV-10",537.36,53.583,100.0,Running,25.42,49.186,0.068313,5.680549,,,,,,
2026-01-05T15:27:24,PLANT_SUMMARY,,537.36,268.676,500.0,Running,25.42,251.19,0.348875,28.170945,7.052,0.9719,49.77,564.61,25.01,0.0
2026-01-05T15:27:29,INV-01,"PV-01,PV-02",528.81,48.911,100.0,Running,28.86,46.44,0.0645,5.659189,,,,,,
2026-01-05T15:27:29,INV-02,"PV-03,PV-04",528.81,55.204,100.0,Running,26.95,52.245,0.072562,5.702269,,,,,,
2026-01-05T15:27:29,INV-03,"PV-05,PV-06",528.81,51.524,100.0,Running,27.63,50.012,0.069461,5.674644,,,,,,
2026-01-05T15:27:29,INV-04,"PV-07,PV-08",528.81,52.425,100.0,Running,29.41,47.534,0.066019,5.726836,,,,,,
2026-01-05T15:27:29,INV-05,"PV-09,PV-10",528.81,51.753,100.0,Running,27.78,48.869,0.067874,5.748423,,,,,,
2026-01-05T15:27:29,PLANT_SUMMARY,,528.81,259.817,500.0,Running,27.78,250.0,0.347222,28.511361,7.042,0.9718,49.77,564.61,24.99,-4.901
2026-01-05T15:27:34,INV-01,"PV-01,PV-02",514.49,49.47,100.0,Running,26.13,46.132,0.064072,5.723261,,,,,,
2026-01-05T15:27:34,INV-02,"PV-03,PV-04",514.49,51.32,100.0,Running,26.23,49.822,0.069198,5.771467,,,,,,
2026-01-05T15:27:34,INV-03,"PV-05,PV-06",514.49,49.594,100.0,Running,28.54,46.765,0.064951,5.739595,,,,,,
2026-01-05T15:27:34,INV-04,"PV-07,PV-08",514.49,50.931,100.0,Running,26.69,49.656,0.068967,5.795803,,,,,,
2026-01-05T15:27:34,INV-05,"PV-09,PV-10",514.49,50.261,100.0,Running,25.4,48.313,0.067101,5.815523,,,,,,
2026-01-05T15:27:34,PLANT_SUMMARY,,514.49,251.576,500.0,Running,25.4,250.0,0.347222,28.84565,7.042,0.9718,49.76,564.6,24.94,-9.312
2026-01-05T15:27:39,INV-01,"PV-01,PV-02",592.34,57.85,100.0,Running,27.07,56.078,0.077886,5.801148,,,,,,
2026-01-05T15:27:39,INV-02,"PV-03,PV-04",592.34,59.535,100.0,Running,26.3,56.165,0.078008,5.849474,,,,,,
2026-01-05T15:27:39,INV-03,"PV-05,PV-06",592.34,56.364,100.0,Running,24.58,53.245,0.073952,5.813547,,,,,,
2026-01-05T15:27:39,INV-04,"PV-07,PV-08",592.34,60.455,100.0,Running,28.32,57.111,0.079321,5.875124,,,,,,
2026-01-05T15:27:39,INV-05,"PV-09,PV-10",592.34,57.401,100.0,Running,24.23,55.062,0.076474,5.891998,,,,,,
2026-01-05T15:27:39,PLANT_SUMMARY,,592.34,291.605,500.0,Running,24.23,277.661,0.385641,29.231291,7.285,0.9738,49.76,564.6,24.94,0.0
2026-01-05T15:27:44,INV-01,"PV-01,PV-02",566.27,56.163,100.0,Running,29.78,52.591,0.073042,5.87419,,,,,,
2026-01-05T15:27:44,INV-02,"PV-03,PV-04",566.27,54.867,100.0,Running,25.02,51.775,0.07191,5.921384,,,,,,
2026-01-05T15:27:44,INV-03,"PV-05,PV-06",566.27,56.046,100.0,Running,27.43,53.413,0.074185,5.887732,,,,,,
2026-01-05T15:27:44,INV-04,"PV-07,PV-08",566.27,52.997,100.0,Running,27.01,48.627,0.067537,5.942661,,,,,,
2026-01-05T15:27:44,INV-05,"PV-09,PV-10",566.27,58.012,100.0,Running,28.64,54.846,0.076175,5.968173,,,,,,
2026-01-05T15:27:44,PLANT_SUMMARY,,566.27,278.085,500.0,Running,28.64,261.252,0.36285,29.594141,7.138,0.9727,49.76,564.6,24.92,0.0
2026-01-05T15:27:49,INV-01,"PV-01,PV-02",539.64,54.885,100.0,Running,23.7,53.247,0.073954,5.948144,,,,,,
2026-01-05T15:27:49,INV-02,"PV-03,PV-04",539.64,51.799,100.0,Running,28.24,46.956,0.065216,5.986601,,,,,,
2026-01-05T15:27:49,INV-03,"PV-05,PV-06",539.64,53.493,100.0,Running,25.01,51.599,0.071665,5.959397,,,,,,
2026-01-05T15:27:49,INV-04,"PV-07,PV-08",539.64,53.609,100.0,Running,24.38,50.963,0.070783,6.013444,,,,,,
2026-01-05T15:27:49,INV-05,"PV-09,PV-10",539.64,53.768,100.0,Running,26.62,51.483,0.071504,6.039677,,,,,,
2026-01-05T15:27:49,PLANT_SUMMARY,,539.64,267.554,500.0,Running,26.62,254.247,0.353122,29.947263,7.077,0.9722,49.76,564.6,24.94,0.0
2026-01-05T15:27:54,INV-01,"PV-01,PV-02",641.84,65.249,100.0,Running,24.78,61.268,0.085094,6.033238,,,,,,
2026-01-05T15:27:54,INV-02,"PV-03,PV-04",641.84,65.131,100.0,Running,25.38,58.394,0.081103,6.067704,,,,,,
2026-01-05T15:27:54,INV-03,"PV-05,PV-06",641.84,64.339,100.0,Running,27.83,59.822,0.083086,6.042483,,,,,,
2026-01-05T15:27:54,INV-04,"PV-07,PV-08",641.84,61.917,100.0,Running,29.34,58.627,0.081426,6.09487,,,,,,
2026-01-05T15:27:54,INV-05,"PV-09,PV-10",641.84,58.969,100.0,Running,29.81,55.068,0.076484,6.116161,,,,,,
2026-01-05T15:27:54,PLANT_SUMMARY,,641.84,315.605,500.0,Running,29.81,293.179,0.407193,30.354456,7.433,0.9746,49.76,564.6,24.91,0.0
2026-01-05T15:27:59,INV-01,"PV-01,PV-02",536.83,52.459,100.0,Running,23.98,49.125,0.068229,6.101467,,,,,,
2026-01-05T15:27:59,INV-02,"PV-03,PV-04",536.83,51.92,100.0,Running,29.16,49.096,0.068189,6.135892,,,,,,
2026-01-05T15:27:59,INV-03,"PV-05,PV-06",536.83,50.276,100.0,Running,29.0,46.75,0.06493,6.107414,,,,,,
2026-01-05T15:27:59,INV-04,"PV-07,PV-08",536.83,52.105,100.0,Running,30.35,46.687,0.064842,6.159712,,,,,,
2026-01-05T15:27:59,INV-05,"PV-09,PV-10",536.83,53.821,100.0,Running,27.6,49.737,0.06908,6.185241,,,,,,
2026-01-05T15:27:59,PLANT_SUMMARY,,536.83,260.581,500.0,Running,27.6,250.0,0.347222,30.689726,7.042,0.9718,49.76,564.59,24.93,-8.605
2026-01-05T15:28:04,INV-01,"PV-01,PV-02",544.43,51.74,100.0,Running,29.38,49.122,0.068225,6.169692,,,,,,
2026-01-05T15:28:04,INV-02,"PV-03,PV-04",544.43,55.275,100.0,Running,27.24,52.77,0.073292,6.209184,,,,,,
2026-01-05T15:28:04,INV-03,"PV-05,PV-06",544.43,54.265,100.0,Running,28.23,50.311,0.069877,6.17729,,,,,,
2026-01-05T15:28:04,INV-04,"PV-07,PV-08",544.43,49.799,100.0,Running,28.47,47.084,0.065395,6.225107,,,,,,
2026-01-05T15:28:04,INV-05,"PV-09,PV-10",544.43,54.703,100.0,Running,28.95,51.83,0.071986,6.257227,,,,,,
2026-01-05T15:28:04,PLANT_SUMMARY,,544.43,265.782,500.0,Running,28.95,251.118,0.348775,31.038501,7.051,0.9719,49.76,564.59,24.94,0.0
2026-01-05T15:28:09,INV-01,"PV-01,PV-02",506.03,51.154,100.0,Running,27.4,47.46,0.065917,6.235609,,,,,,
2026-01-05T15:28:09,INV-02,"PV-03,PV-04",506.03,49.221,100.0,Running,26.91,46.665,0.064813,6.273997,,,,,,
2026-01-05T15:28:09,INV-03,"PV-05,PV-06",506.03,47.693,100.0,Running,23.08,46.355,0.064382,6.241672,,,,,,
2026-01-05T15:28:09,INV-04,"PV-07,PV-08",506.03,51.073,100.0,Running,25.15,47.456,0.065912,6.291019,,,,,,
2026-01-05T15:28:09,INV-05,"PV-09,PV-10",506.03,50.148,100.0,Running,29.51,47.389,0.065818,6.323045,,,,,,
2026-01-05T15:28:09,PLANT_SUMMARY,,506.03,249.289,500.0,Running,29.51,250.0,0.347222,31.365343,7.042,0.9718,49.75,564.57,24.94,-14.674
2026-01-05T15:28:14,INV-01,"PV-01,PV-02",626.96,59.383,100.0,Running,29.25,57.571,0.07996,6.315569,,,,,,
2026-01-05T15:28:14,INV-02,"PV-03,PV-04",626.96,61.627,100.0,Running,26.07,58.103,0.080699,6.354696,,,,,,
2026-01-05T15:28:14,INV-03,"PV-05,PV-06",626.96,61.069,100.0,Running,26.29,59.401,0.082502,6.324174,,,,,,
2026-01-05T15:28:14,INV-04,"PV-07,PV-08",626.96,59.494,100.0,Running,29.68,55.041,0.076446,6.367465,,,,,,
2026-01-05T15:28:14,INV-05,"PV-09,PV-10",626.96,60.37,100.0,Running,24.74,56.996,0.079161,6.402206,,,,,,
2026-01-05T15:28:14,PLANT_SUMMARY,,626.96,301.943,500.0,Running,24.74,287.113,0.398768,31.764111,7.374,0.9743,49.75,564.57,24.96,0.0
2026-01-05T15:28:19,INV-01,"PV-01,PV-02",565.82,54.629,100.0,Running,27.22,49.867,0.069259,6.384829,,,,,,
2026-01-05T15:28:19,INV-02,"PV-03,PV-04",565.82,54.144,100.0,Running,29.28,49.187,0.068315,6.42301,,,,,,
2026-01-05T15:28:19,INV-03,"PV-05,PV-06",565.82,57.63,100.0,Running,25.94,54.745,0.076034,6.400209,,,,,,
2026-01-05T15:28:19,INV-04,"PV-07,PV-08",565.82,52.309,100.0,Running,27.22,49.445,0.068673,6.436138,,,,,,
2026-01-05T15:28:19,INV-05,"PV-09,PV-10",565.82,53.022,100.0,Running,30.73,50.604,0.070284,6.47249,,,,,,
2026-01-05T15:28:19,PLANT_SUMMARY,,565.82,271.734,500.0,Running,30.73,253.847,0.352565,32.116676,7.074,0.9721,49.75,564.57,24.95,0.0
2026-01-05T15:28:24,INV-01,"PV-01,PV-02",560.04,56.655,100.0,Running,26.88,53.05,0.073681,6.45851,,,,,,
2026-01-05T15:28:24,INV-02,"PV-03,PV-04",560.04,52.922,100.0,Running,24.14,51.466,0.071481,6.494491,,,,,,
2026-01-05T15:28:24,INV-03,"PV-05,PV-06",560.04,57.058,100.0,Running,26.72,52.853,0.073406,6.473615,,,,,,
2026-01-05T15:28:24,INV-04,"PV-07,PV-08",560.04,54.728,100.0,Running,27.11,51.411,0.071404,6.507542,,,,,,
2026-01-05T15:28:24,INV-05,"PV-09,PV-10",560.04,56.832,100.0,Running,29.04,54.994,0.07638,6.54887,,,,,,
2026-01-05T15:28:24,PLANT_SUMMARY,,560.04,278.195,500.0,Running,29.04,263.774,0.366352,32.483028,7.16,0.9729,49.75,564.57,24.98,0.0
2026-01-05T15:28:29,INV-01,"PV-01,PV-02",646.35,62.564,100.0,Running,27.25,58.012,0.080573,6.539083,,,,,,
2026-01-05T15:28:29,INV-02,"PV-03,PV-04",646.35,63.033,100.0,Running,30.62,59.764,0.083006,6.577497,,,,,,
2026-01-05T15:28:29,INV-03,"PV-05,PV-06",646.35,63.42,100.0,Running,28.39,60.023,0.083366,6.556981,,,,,,
2026-01-05T15:28:29,INV-04,"PV-07,PV-08",646.35,61.437,100.0,Running,24.59,58.619,0.081416,6.588957,,,,,,
2026-01-05T15:28:29,INV-05,"PV-09,PV-10",646.35,61.083,100.0,Running,29.13,58.137,0.080746,6.629616,,,,,,
2026-01-05T15:28:29,PLANT_SUMMARY,,646.35,311.537,500.0,Running,29.13,294.557,0.409106,32.892134,7.446,0.9747,49.75,564.57,24.97,0.0
2026-01-05T15:28:34,INV-01,"PV-01,PV-02",534.29,51.343,100.0,Running,25.35,47.051,0.065348,6.604431,,,,,,
2026-01-05T15:28:34,INV-02,"PV-03,PV-04",534.29,53.53,100.0,Running,23.32,50.265,0.069813,6.64731,,,,,,
2026-01-05T15:28:34,INV-03,"PV-05,PV-06",534.29,53.255,100.0,Running,29.11,49.038,0.068108,6.625089,,,,,,
2026-01-05T15:28:34,INV-04,"PV-07,PV-08",534.29,55.333,100.0,Running,27.4,51.522,0.071558,6.660516,,,,,,
2026-01-05T15:28:34,INV-05,"PV-09,PV-10",534.29,52.446,100.0,Running,30.28,48.054,0.066742,6.696359,,,,,,
2026-01-05T15:28:34,PLANT_SUMMARY,,534.29,265.907,500.0,Running,30.28,250.0,0.347222,33.233704,7.042,0.9718,49.74,564.56,24.96,-4.07
2026-01-05T15:28:39,INV-01,"PV-01,PV-02",590.09,59.645,100.0,Running,28.35,56.547,0.078538,6.682968,,,,,,
2026-01-05T15:28:39,INV-02,"PV-03,PV-04",590.09,56.716,100.0,Running,25.1,52.313,0.072658,6.719967,,,,,,
2026-01-05T15:28:39,INV-03,"PV-05,PV-06",590.09,55.574,100.0,Running,26.93,51.449,0.071457,6.696546,,,,,,
2026-01-05T15:28:39,INV-04,"PV-07,PV-08",590.09,62.778,100.0,Running,24.59,59.657,0.082857,6.743373,,,,,,
2026-01-05T15:28:39,INV-05,"PV-09,PV-10",590.09,54.674,100.0,Running,29.23,51.58,0.071639,6.767998,,,,,,
2026-01-05T15:28:39,PLANT_SUMMARY,,590.09,289.387,500.0,Running,29.23,271.547,0.377148,33.610852,7.229,0.9734,49.74,564.56,24.95,0.0
2026-01-05T15:28:44,INV-01,"PV-01,PV-02",590.8,57.156,100.0,Running,26.81,54.025,0.075034,6.758003,,,,,,
2026-01-05T15:28:44,INV-02,"PV-03,PV-04",590.8,57.305,100.0,Running,24.33,52.861,0.073418,6.793385,,,,,,
2026-01-05T15:28:44,INV-03,"PV-05,PV-06",590.8,58.91,100.0,Running,26.26,55.815,0.07752,6.774066,,,,,,
2026-01-05T15:28:44,INV-04,"PV-07,PV-08",590.8,59.628,100.0,Running,28.28,54.037,0.075052,6.818425,,,,,,
2026-01-05T15:28:44,INV-05,"PV-09,PV-10",590.8,57.479,100.0,Running,23.63,55.853,0.077574,6.845572,,,,,,
2026-01-05T15:28:44,PLANT_SUMMARY,,590.8,290.478,500.0,Running,23.63,272.591,0.378598,33.989451,7.238,0.9734,49.74,564.56,24.94,0.0
2026-01-05T15:28:49,INV-01,"PV-01,PV-02",456.8,45.911,100.0,Running,29.1,42.687,0.059288,6.817291,,,,,,
2026-01-05T15:28:49,INV-02,"PV-03,PV-04",456.8,43.918,100.0,Running,22.02,41.95,0.058264,6.851649,,,,,,
2026-01-05T15:28:49,INV-03,"PV-05,PV-06",456.8,44.154,100.0,Running,32.63,39.714,0.055159,6.829225,,,,,,
2026-01-05T15:28:49,INV-04,"PV-07,PV-08",456.8,43.575,100.0,Running,25.2,42.094,0.058464,6.876888,,,,,,
2026-01-05T15:28:49,INV-05,"PV-09,PV-10",456.8,44.451,100.0,Running,27.95,43.275,0.060105,6.905676,,,,,,
2026-01-05T15:28:49,PLANT_SUMMARY,,456.8,222.009,500.0,Running,27.95,250.0,0.347222,34.28073,7.042,0.9718,49.72,564.52,24.97,-40.279
2026-01-05T15:28:54,INV-01,"PV-01,PV-02",524.88,50.991,100.0,Running,29.27,48.112,0.066822,6.884112,,,,,,
2026-01-05T15:28:54,INV-02,"PV-03,PV-04",524.88,53.289,100.0,Running,27.48,49.483,0.068726,6.920375,,,,,,
2026-01-05T15:28:54,INV-03,"PV-05,PV-06",524.88,51.031,100.0,Running,27.81,47.637,0.066162,6.895387,,,,,,
2026-01-05T15:28:54,INV-04,"PV-07,PV-08",524.88,52.318,100.0,Running,30.08,46.768,0.064956,6.941845,,,,,,
2026-01-05T15:28:54,INV-05,"PV-09,PV-10",524.88,50.416,100.0,Running,28.63,45.954,0.063825,6.969501,,,,,,
2026-01-05T15:28:54,PLANT_SUMMARY,,524.88,258.045,500.0,Running,28.63,250.0,0.347222,34.611221,7.042,0.9718,49.71,564.5,24.97,-12.046
2026-01-05T15:28:59,INV-01,"PV-01,PV-02",487.64,49.908,100.0,Running,28.3,48.22,0.066973,6.951085,,,,,,
2026-01-05T15:28:59,INV-02,"PV-03,PV-04",487.64,47.315,100.0,Running,28.89,44.831,0.062266,6.982641,,,,,,
2026-01-05T15:28:59,INV-03,"PV-05,PV-06",487.64,47.586,100.0,Running,28.21,43.818,0.060858,6.956245,,,,,,
2026-01-05T15:28:59,INV-04,"PV-07,PV-08",487.64,49.025,100.0,Running,25.95,46.914,0.065158,7.007003,,,,,,
2026-01-05T15:28:59,INV-05,"PV-09,PV-10",487.64,47.154,100.0,Running,27.98,44.694,0.062075,7.031576,,,,,,
2026-01-05T15:28:59,PLANT_SUMMARY,,487.64,240.988,500.0,Running,27.98,250.0,0.347222,34.92855,7.042,0.9718,49.69,564.48,24.94,-21.523
2026-01-05T15:29:04,INV-01,"PV-01,PV-02",619.64,63.42,100.0,Running,25.97,61.09,0.084847,7.035931,,,,,,
2026-01-05T15:29:04,INV-02,"PV-03,PV-04",619.64,61.986,100.0,Running,27.03,57.292,0.079572,7.062213,,,,,,
2026-01-05T15:29:04,INV-03,"PV-05,PV-06",619.64,57.992,100.0,Running,30.39,55.163,0.076616,7.032861,,,,,,
2026-01-05T15:29:04,INV-04,"PV-07,PV-08",619.64,61.1,100.0,Running,28.54,55.908,0.077649,7.084652,,,,,,
2026-01-05T15:29:04,INV-05,"PV-09,PV-10",619.64,58.536,100.0,Running,29.13,53.054,0.073686,7.105262,,,,,,
2026-01-05T15:29:04,PLANT_SUMMARY,,619.64,303.034,500.0,Running,29.13,282.506,0.39237,35.320919,7.33,0.9741,49.69,564.48,24.95,0.0
2026-01-05T15:29:09,INV-01,"PV-01,PV-02",553.97,53.288,100.0,Running,25.33,48.468,0.067317,7.103248,,,,,,
2026-01-05T15:29:09,INV-02,"PV-03,PV-04",553.97,53.863,100.0,Running,26.68,51.352,0.071322,7.133534,,,,,,
2026-01-05T15:29:09,INV-03,"PV-05,PV-06",553.97,55.594,100.0,Running,27.54,51.988,0.072206,7.105067,,,,,,
2026-01-05T15:29:09,INV-04,"PV-07,PV-08",553.97,54.161,100.0,Running,28.69,50.382,0.069975,7.154627,,,,,,
2026-01-05T15:29:09,INV-05,"PV-09,PV-10",553.97,53.98,100.0,Running,28.02,50.999,0.070833,7.176094,,,,,,
2026-01-05T15:29:09,PLANT_SUMMARY,,553.97,270.886,500.0,Running,28.02,253.189,0.351652,35.672571,7.068,0.9721,49.69,564.48,24.98,0.0
2026-01-05T15:29:14,INV-01,"PV-01,PV-02",578.83,56.212,100.0,Running,28.73,54.083,0.075115,7.178363,,,,,,
2026-01-05T15:29:14,INV-02,"PV-03,PV-04",578.83,56.978,100.0,Running,28.61,53.783,0.074698,7.208233,,,,,,
2026-01-05T15:29:14,INV-03,"PV-05,PV-06",578.83,57.548,100.0,Running,29.53,54.773,0.076073,7.181141,,,,,,
2026-01-05T15:29:14,INV-04,"PV-07,PV-08",578.83,53.936,100.0,Running,28.01,50.777,0.070524,7.225151,,,,,,
2026-01-05T15:29:14,INV-05,"PV-09,PV-10",578.83,56.076,100.0,Running,27.39,54.727,0.076009,7.252104,,,,,,
2026-01-05T15:29:14,PLANT_SUMMARY,,578.83,280.75,500.0,Running,27.39,268.142,0.37242,36.044991,7.198,0.9732,49.69,564.48,24.96,0.0
2026-01-05T15:29:19,INV-01,"PV-01,PV-02",541.37,51.178,100.0,Running,31.27,47.403,0.065838,7.244201,,,,,,
2026-01-05T15:29:19,INV-02,"PV-03,PV-04",541.37,54.69,100.0,Running,24.72,52.905,0.073478,7.281711,,,,,,
2026-01-05T15:29:19,INV-03,"PV-05,PV-06",541.37,52.547,100.0,Running,29.81,50.696,0.070412,7.251552,,,,,,
2026-01-05T15:29:19,INV-04,"PV-07,PV-08",541.37,54.623,100.0,Running,26.55,53.546,0.074369,7.29952,,,,,,
2026-01-05T15:29:19,INV-05,"PV-09,PV-10",541.37,53.512,100.0,Running,26.68,50.859,0.070638,7.322742,,,,,,
2026-01-05T15:29:19,PLANT_SUMMARY,,541.37,266.55,500.0,Running,26.68,255.409,0.354735,36.399726,7.087,0.9723,49.69,564.48,24.95,0.0
2026-01-05T15:29:24,INV-01,"PV-01,PV-02",616.81,59.855,100.0,Running,29.57,54.873,0.076213,7.320414,,,,,,
2026-01-05T15:29:24,INV-02,"PV-03,PV-04",616.81,62.864,100.0,Running,27.05,57.822,0.080308,7.362019,,,,,,
2026-01-05T15:29:24,INV-03,"PV-05,PV-06",616.81,58.021,100.0,Running,28.59,54.138,0.075191,7.326743,,,,,,
2026-01-05T15:29:24,INV-04,"PV-07,PV-08",616.81,61.298,100.0,Running,27.77,58.673,0.081491,7.381011,,,,,,
2026-01-05T15:29:24,INV-05,"PV-09,PV-10",616.81,59.246,100.0,Running,26.08,56.38,0.078306,7.401048,,,,,,
2026-01-05T15:29:24,PLANT_SUMMARY,,616.81,301.284,500.0,Running,26.08,281.886,0.391509,36.791235,7.324,0.974,49.69,564.48,24.96,0.0
2026-01-05T15:29:29,INV-01,"PV-01,PV-02",528.1,50.747,100.0,Running,29.1,46.771,0.06496,7.385374,,,,,,
2026-01-05T15:29:29,INV-02,"PV-03,PV-04",528.1,49.931,100.0,Running,25.32,46.615,0.064743,7.426762,,,,,,
2026-01-05T15:29:29,INV-03,"PV-05,PV-06",528.1,50.934,100.0,Running,25.81,46.915,0.06516,7.391903,,,,,,
2026-01-05T15:29:29,INV-04,"PV-07,PV-08",528.1,51.228,100.0,Running,26.59,48.696,0.067633,7.448644,,,,,,
2026-01-05T15:29:29,INV-05,"PV-09,PV-10",528.1,52.194,100.0,Running,27.28,48.254,0.067019,7.468067,,,,,,
2026-01-05T15:29:29,PLANT_SUMMARY,,528.1,255.034,500.0,Running,27.28,250.0,0.347222,37.12075,7.042,0.9718,49.69,564.47,24.96,-12.749
2026-01-05T15:29:34,INV-01,"PV-01,PV-02",566.09,52.954,100.0,Running,22.7,50.88,0.070667,7.456041,,,,,,
2026-01-05T15:29:34,INV-02,"PV-03,PV-04",566.09,53.882,100.0,Running,30.63,50.543,0.070199,7.496961,,,,,,
2026-01-05T15:29:34,INV-03,"PV-05,PV-06",566.09,55.403,100.0,Running,28.08,53.323,0.07406,7.465963,,,,,,
2026-01-05T15:29:34,INV-04,"PV-07,PV-08",566.09,53.313,100.0,Running,27.62,49.822,0.069198,7.517841,,,,,,
2026-01-05T15:29:34,INV-05,"PV-09,PV-10",566.09,53.689,100.0,Running,29.04,51.98,0.072194,7.540261,,,,,,
2026-01-05T15:29:34,PLANT_SUMMARY,,566.09,269.241,500.0,Running,29.04,256.548,0.356317,37.477067,7.097,0.9723,49.69,564.47,24.99,0.0
2026-01-05T15:29:39,INV-01,"PV-01,PV-02",595.56,59.062,100.0,Running,31.78,54.404,0.07556,7.531601,,,,,,
2026-01-05T15:29:39,INV-02,"PV-03,PV-04",595.56,55.234,100.0,Running,23.15,53.427,0.074203,7.571165,,,,,,
2026-01-05T15:29:39,INV-03,"PV-05,PV-06",595.56,59.9,100.0,Running,27.78,54.972,0.07635,7.542313,,,,,,
2026-01-05T15:29:39,INV-04,"PV-07,PV-08",595.56,57.717,100.0,Running,25.53,53.891,0.074849,7.59269,,,,,,
2026-01-05T15:29:39,INV-05,"PV-09,PV-10",595.56,62.569,100.0,Running,26.25,60.181,0.083585,7.623846,,,,,,
2026-01-05T15:29:39,PLANT_SUMMARY,,595.56,294.482,500.0,Running,26.25,276.875,0.384548,37.861615,7.278,0.9737,49.69,564.47,24.99,0.0
2026-01-05T15:29:44,INV-01,"PV-01,PV-02",560.34,53.201,100.0,Running,25.99,49.958,0.069386,7.600987,,,,,,
2026-01-05T15:29:44,INV-02,"PV-03,PV-04",560.34,56.383,100.0,Running,28.42,53.425,0.074201,7.645366,,,,,,
2026-01-05T15:29:44,INV-03,"PV-05,PV-06",560.34,54.417,100.0,Running,29.8,50.551,0.07021,7.612523,,,,,,
2026-01-05T15:29:44,INV-04,"PV-07,PV-08",560.34,56.022,100.0,Running,24.98,53.186,0.07387,7.66656,,,,,,
2026-01-05T15:29:44,INV-05,"PV-09,PV-10",560.34,53.053,100.0,Running,25.53,49.599,0.068888,7.692733,,,,,,
2026-01-05T15:29:44,PLANT_SUMMARY,,560.34,273.076,500.0,Running,25.53,256.72,0.356555,38.21817,7.098,0.9723,49.69,564.47,24.99,0.0
